[{"username":"hadi","checkedIn":"2022-12-07","checkedOut":"2022-12-08","adults":"2","children":"1","King":"1","Twin":"0","Deluxe":"0","Family":"2","dates":["7 12","8 12"]},{"username":"hadi","checkedIn":"2022-12-07","checkedOut":"2022-12-08","adults":"2","children":"1","King":"1","Twin":"0","Deluxe":"0","Family":"2","dates":["7 12","8 12"]},{"username":"hadi","checkedIn":"2022-12-14","checkedOut":"2022-12-15","adults":"2","children":"1","King":"2","Twin":"0","Deluxe":"0","Family":"0","dates":["14 12","15 12"]}]